{"20_epi_avg_return": 51.395634011350126, "ep_return": -188.61493926341194, "_runtime": 5425, "_timestamp": 1631067776, "_step": 1499, "_wandb": {"runtime": 5426}}