{"ep_return": -180.1907710244657, "_runtime": 713, "_timestamp": 1630925954, "_step": 1014, "20_epi_avg_return": -170.44499158919285, "_wandb": {"runtime": 712}}