{"ep_return": 19.73642438706568, "_runtime": 2015, "_timestamp": 1631012510, "_step": 1145, "20_epi_avg_return": -43.01637357965577}