{"ep_return": -206.71277366014067, "_runtime": 5770, "_timestamp": 1631016265, "_step": 1999, "20_epi_avg_return": 92.69076662182962, "_wandb": {"runtime": 5771}}