{"ep_return": -203.14619119418228, "_runtime": 604, "_timestamp": 1631011099, "_step": 721, "20_epi_avg_return": -164.84189989150076}