{"ep_return": -240.8800949699083, "_runtime": 706, "_timestamp": 1631011100, "_step": 776, "20_epi_avg_return": -233.68382224173}