{"ep_return": -129.07246399895126, "_runtime": 918, "_timestamp": 1631011312, "_step": 999, "20_epi_avg_return": -176.92384648204683, "_wandb": {"runtime": 920}}